"StudentID","Title","Firstname","Lastname","Organisation","Postion","Division","Section","Workphone","Mobile","Fax","Homephone","emailaddress","Website","PostAddress1","City/Suburb1","State1","Postcode1","Country1","PostAddress2","City/Suburb2","State2","Postcode2","Country2","Date of birth","Comment",
"1","Ms","Elizabeth","Davies","","","","","","0403 354 487","","07 3102 4057","ejgall@hotmail.com","","19 Muskwood st","Capalaba","QLD","4157","Australia","","","","","","","",
"2","","Emma","Wheate","","","","","","0401 462 561","","","Emma.Wheate@noemail.com","","827 Lytton Rd","Murarrie","QLD","4172","Australia","","","","","","","",
"3","","Alexander","Wheate","","","","","","0402 325 313","","","Alexander.Wheate@noemail.com","","827 Lytton Rd","Murarrie","QLD","4172","Australia","","","","","","","",
"4","Ms","Mardi","Bullock","Biduest Hospitality","","","","","0400 000 000","","07 3909 7140","mardi.bullock@biduest.com.au","","23/30 Woondall Road ","Manly West","QLD","4174","Australia","","","","","","","",
"5","Ms","Siobhan","Price","","","","","","0413 242 540","","","siobhan.price@live.com.au","","12 Stretton Court","Heritage Park","QLD","4118","Australia","","","","","","","",
"6","Ms","Lauren","Bee","","","","","","0435 057 805","","07 3821 0549","laurenbee3@gmail.com","","P.O Box 1281","Cleveland","QLD","4163","Australia","","","","","","","",
"7","Ms","Amanda","Callan","Prescare Community","","","","","0409 493 777","","","Amandacallan86@gmail.com","","31 base street","Victoria Point","QLD","4165","Australia","","","","","","","",
"8","","William","Colby","","","","","","0412 651 835","","","bill.colby@coles.com.au","","PO Box 921","Cleveland","QLD","4163","Australia","","","","","","","",
"9","Mr","Matthew","Harris","Stella","","","","","0423 552 374","","","m.mharris@bigpond.com","","40 Brook st","Wakerley","QLD","4154","Australia","","","","","","","",
"10","Mr","Claire","Burne","","","","","","0437 047 465","","","nut_equest@hotmail.com","","257 Rickertt Road","Ransome","QLD","4154","Australia","","","","","","","",
"11","","Shannah","Deen","","","","","","0433 233 279","","","Shannahdeen@hotmail.com","","9 Jonbar Crt","Thornlands","QLD","4164","Australia","","","","","","","",
"12","","Stephanie","Hollis","","","","","","0430 830 267","","","stephanieisabell@live.com.au","","29 Cooee Cresent","Macleay Island","QLD","4184","Australia","","","","","","","",
"13","Ms","Lisa-Jane","Luck","C.A.R.E Community Assist Redlands Enterprises","","","","","0405 747 711","","07 3823 4058","Careinc@bigpond.com","","Po Box 5585 ","Alexandra Hills","QLD","4161","Australia","","","","","","","",
"14","Mr","Keith","Vickers","C.A.R.E","","","","","0401 241 941","","07 3349 9216","Keithvickers1@gmail.com","","35 Kinkuna Street","Wishart","QLD","4122","Australia","","","","","","","",
"15","Ms","Kelly","Magher","","","","","","0402 939 526","","07 3890 3445","kelly.magher@hotmail.com","","21/20 Thurston st","Tingalpa","QLD","4173","Australia","","","","","","","",
"16","Ms","Frances","Worster","University Of Queensland","","","","","0466 360 180","","","frances.worster@gmail.com","","8/635 Lutwyche Road","Lutwyche","QLD","4030","Australia","","","","","","15-05-1986","Thank you for your booking. 

Trey.",
"17","","Andrew","Drysdale","","","","","","0411 866 355","","07 3821 0821","Andrew.Drysdale@noemail.com","","27 Thornlands Road","Thornlands","QLD","4164","Australia","","","","","","","",
"18","Mr","Paul","Finighan","Griffith University","","","","","0404 071 211","","","p.finighan@griffith.edu.au","","Unit 19 28 Stackpole Street","Wishart","QLD","4122","Australia","","","","","","","",
"19","","Naida","Fejzic","","","","","","0478 178 302","","07 3219 9723","bos_rajvosa95@hotmail.com","","60/5 Arkose Street","Eight Mile Plains","QLD","4113","Australia","","","","","","","",
"20","Mr","Tracey","Goodall","Purpetual LMS","","","","","0437 549 679","","","tracey.peacock@perpetual.com.au","","37/1819 Wynnum Road","Tingalpa","QLD","4173","Australia","","","","","","","",
"21","Mr","Miran","Stubican","Student","","","","","0403 010 053","","07 3411 4770","miran.stubican@griffithuni.edu.au","","93 Carrara St","Mount Gravatt East","QLD","4122","Australia","","","","","","","",
"22","Mr","Robert","Dunning","SSG","","","","","0438 195 565","","07 3839 0899","stuartdunning@securityservicesqld.com.au","","PO Box 214","Albion","QLD","4010","Australia","","","","","","","",
"23","Mr","Cecile","Lyons","","","","","","0432 126 238","","","clyons@vincents.com.au","","100 Layfield Road ","Anstead","QLD","4070","Australia","","","","","","","",
"24","","Pamela","Treasure","","","","","","0414 323 272","","","brisbane@vincents.com.au","","PO Box 13004 George Street","Brisbane","QLD","4000","Australia","","","","","","","",
"25","","Gerard","Ryan","","","","","","0438 799 388","","","gerry86@bigpond.com","","2 Sophia Street","Burpengary","QLD","4505","Australia","","","","","","","",
"26","Mr","Susan","Pyne","10 Heathwhite Street","","","","","0408 456 383","","07 3848 4215","spyne11@bigpond.com","","10 Heathwhite St","Tarragindi","QLD","4121","Australia","","","","","","16-11-1953","",
"27","","Jason","Richard","","","","","","0457 750 157","","07 5424 2373","jkrecological@bigpond.com","","PO Box 54","Esk","QLD","4312","Australia","","","","","","","",
"28","","Sean","Johnson","","","","","","0405 713 788","","07 3395 5516","seaniej77@yahoo.co.uk","","42/35 Miawela Street","Seven Hills","QLD","4170","Australia","","","","","","","",
"29","Ms","Candice","Druckmann","Run coffee shop","","","","","0449 700 133","","","candyrose375@gmail.com","","71 Coolibah Street","Bardon","QLD","4065","Australia","","","","","","25-09-1986","",
"30","Ms","Mieke","Kavetsky","Miracle Touch","","","","","0403 670 467","","","i_eat_antz@hotmail.com","","54 Fortorse Place","Ferny Grove","QLD","4055","Australia","","","","","","","",
